<powerpagecomponent powerpagecomponentid="f725d5a2-3f44-4c6d-b919-50a740087c87">
  <content>{"description":"Set whether the footer web template is output cached.","value":"True"}</content>
  <iscustomizable>1</iscustomizable>
  <name>Footer/OutputCache/Enabled</name>
  <powerpagecomponenttype>9</powerpagecomponenttype>
  <powerpagesiteid>
    <powerpagesiteid>f62fd491-334a-42a9-84a1-ce7953c3e3b6</powerpagesiteid>
  </powerpagesiteid>
  <statecode>0</statecode>
  <statuscode>1</statuscode>
</powerpagecomponent>