<powerpagecomponent powerpagecomponentid="51ac8797-7083-4e2e-b969-64dcd9746c75">
  <content>{"description":"The Prefix entered here will be used to filter Notes Text, allowing you to control notes exposed on the Portal ex: *WEB*","value":"*WEB*"}</content>
  <iscustomizable>1</iscustomizable>
  <name>KnowledgeManagement/NotesFilter</name>
  <powerpagecomponenttype>9</powerpagecomponenttype>
  <powerpagesiteid>
    <powerpagesiteid>f62fd491-334a-42a9-84a1-ce7953c3e3b6</powerpagesiteid>
  </powerpagesiteid>
  <statecode>0</statecode>
  <statuscode>1</statuscode>
</powerpagecomponent>