<powerpagecomponent powerpagecomponentid="72479476-99d0-4fc6-847e-46baf66a08a9">
  <content>{
  "filecontent": null,
  "value": "false"
}</content>
  <iscustomizable>1</iscustomizable>
  <name>Authentication/Registration/LocalLoginEnabled</name>
  <powerpagecomponenttype>9</powerpagecomponenttype>
  <powerpagesiteid>
    <powerpagesiteid>f62fd491-334a-42a9-84a1-ce7953c3e3b6</powerpagesiteid>
  </powerpagesiteid>
  <statecode>0</statecode>
  <statuscode>1</statuscode>
</powerpagecomponent>