<powerpagecomponent powerpagecomponentid="e9c6ff49-83e7-467b-8b7d-40a5f5f969a2">
  <content>{"description":"The amount of time the IP address will have to wait if Authentication/LoginThrottling/MaxInvaildAttemptsFromIPAddress occur within Authentication/LoginThrottling/MaxAttemptsTimeLimitTimeSpan amount of time. Default: 00:10:00 (10 mins)","value":"00:10:00"}</content>
  <iscustomizable>1</iscustomizable>
  <name>Authentication/LoginThrottling/IpAddressTimeoutTimeSpan</name>
  <powerpagecomponenttype>9</powerpagecomponenttype>
  <powerpagesiteid>
    <powerpagesiteid>f62fd491-334a-42a9-84a1-ce7953c3e3b6</powerpagesiteid>
  </powerpagesiteid>
  <statecode>0</statecode>
  <statuscode>1</statuscode>
</powerpagecomponent>