<powerpagecomponent powerpagecomponentid="05875c10-52dd-45fa-8fbb-7f8a692e385a">
  <content>{"enablerating":false,"enabletracking":false,"excludefromsearch":false,"hiddenfromsitemap":true,"isroot":true,"pagetemplateid":"2326d38b-1c07-4b7a-88a3-8637b053107e","parentpageid":"ab7eaa88-49af-40a5-a811-abc49beb9d7d","partialurl":"profile","publishingstateid":"6305fb23-50da-4547-8459-08810bf5e2ee","sharedpageconfiguration":false,"title":"Profile"}</content>
  <iscustomizable>1</iscustomizable>
  <name>Profile</name>
  <powerpagecomponenttype>2</powerpagecomponenttype>
  <powerpagesiteid>
    <powerpagesiteid>f62fd491-334a-42a9-84a1-ce7953c3e3b6</powerpagesiteid>
  </powerpagesiteid>
  <searchcontent>ProfileProfile</searchcontent>
  <statecode>0</statecode>
  <statuscode>1</statuscode>
</powerpagecomponent>