<powerpagecomponent powerpagecomponentid="e8ce1d5d-5677-448b-8355-fd50d9ac60e8">
  <content>{"copy":"&lt;p&gt;Please provide some information about yourself.&lt;/p&gt;\r\n\r\n&lt;p&gt;The &lt;strong&gt;First Name&lt;/strong&gt; and &lt;strong&gt;Last Name &lt;/strong&gt;you provide will be displayed alongside any comments, forum posts, or ideas you make on the site.&lt;/p&gt;\r\n\r\n&lt;p&gt;The &lt;strong&gt;Email Address&lt;/strong&gt; and &lt;strong&gt;Phone&lt;/strong&gt; number will not be displayed on the site.&lt;/p&gt;\r\n\r\n&lt;p&gt;Your &lt;strong&gt;Organization&lt;/strong&gt; and &lt;strong&gt;Title&lt;/strong&gt; are optional. They will be displayed with your comments and forum posts.&lt;/p&gt;","enablerating":false,"enabletracking":false,"excludefromsearch":false,"hiddenfromsitemap":true,"isroot":false,"pagetemplateid":"2326d38b-1c07-4b7a-88a3-8637b053107e","parentpageid":"ab7eaa88-49af-40a5-a811-abc49beb9d7d","partialurl":"profile","publishingstateid":"6305fb23-50da-4547-8459-08810bf5e2ee","rootwebpageid":"05875c10-52dd-45fa-8fbb-7f8a692e385a","sharedpageconfiguration":false,"title":"Profile"}</content>
  <iscustomizable>1</iscustomizable>
  <name>Profile</name>
  <powerpagecomponenttype>2</powerpagecomponenttype>
  <powerpagesiteid>
    <powerpagesiteid>f62fd491-334a-42a9-84a1-ce7953c3e3b6</powerpagesiteid>
  </powerpagesiteid>
  <powerpagesitelanguageid>
    <powerpagesitelanguageid>b6ab0005-4b4e-4fad-86b0-85fad57079d4</powerpagesitelanguageid>
  </powerpagesitelanguageid>
  <searchcontent>Profile&lt;p&gt;Please provide some information about yourself.&lt;/p&gt;

&lt;p&gt;The &lt;strong&gt;First Name&lt;/strong&gt; and &lt;strong&gt;Last Name &lt;/strong&gt;you provide will be displayed alongside any comments, forum posts, or ideas you make on the site.&lt;/p&gt;

&lt;p&gt;The &lt;strong&gt;Email Address&lt;/strong&gt; and &lt;strong&gt;Phone&lt;/strong&gt; number will not be displayed on the site.&lt;/p&gt;

&lt;p&gt;Your &lt;strong&gt;Organization&lt;/strong&gt; and &lt;strong&gt;Title&lt;/strong&gt; are optional. They will be displayed with your comments and forum posts.&lt;/p&gt;Profile</searchcontent>
  <statecode>0</statecode>
  <statuscode>1</statuscode>
</powerpagecomponent>