{
  "properties": {
    "connectionReferences": {
      "shared_commondataserviceforapps": {
        "runtimeSource": "embedded",
        "connection": {
          "connectionReferenceLogicalName": "new_sharedcommondataserviceforapps_4fbe3"
        },
        "api": {
          "name": "shared_commondataserviceforapps"
        }
      }
    },
    "definition": {
      "$schema": "https://schema.management.azure.com/providers/Microsoft.Logic/schemas/2016-06-01/workflowdefinition.json#",
      "contentVersion": "1.0.0.0",
      "parameters": {
        "$connections": {
          "defaultValue": {},
          "type": "Object"
        },
        "$authentication": {
          "defaultValue": {},
          "type": "SecureObject"
        }
      },
      "triggers": {
        "manual": {
          "metadata": {
            "operationMetadataId": "eb69999d-4726-4be6-bf8f-ccb36cbda3eb"
          },
          "type": "Request",
          "kind": "PowerPages",
          "inputs": {
            "schema": {
              "type": "object",
              "properties": {
                "text": {
                  "title": "ContactName",
                  "type": "string",
                  "x-ms-dynamically-added": true,
                  "description": "Please enter your input",
                  "x-ms-content-hint": "TEXT"
                },
                "text_1": {
                  "title": "ContactId",
                  "type": "string",
                  "x-ms-dynamically-added": true,
                  "description": "Please enter your input",
                  "x-ms-content-hint": "TEXT"
                }
              },
              "required": [
                "text",
                "text_1"
              ]
            }
          }
        }
      },
      "actions": {
        "Perform_a_bound_action": {
          "runAfter": {},
          "metadata": {
            "operationMetadataId": "b0ae25ab-1e8f-4d0e-889f-e49b87a1e1f5"
          },
          "type": "OpenApiConnection",
          "inputs": {
            "host": {
              "connectionName": "shared_commondataserviceforapps",
              "operationId": "PerformBoundAction",
              "apiId": "/providers/Microsoft.PowerApps/apis/shared_commondataserviceforapps"
            },
            "parameters": {
              "entityName": "contacts",
              "actionName": "Microsoft.Dynamics.CRM.wipfli_CallApiFromPortalUsingAction",
              "recordId": "@triggerBody()['text_1']",
              "item/ContactName": "@triggerBody()['text']"
            },
            "authentication": "@parameters('$authentication')"
          }
        },
        "Compose": {
          "runAfter": {
            "Perform_a_bound_action": [
              "Succeeded"
            ]
          },
          "metadata": {
            "operationMetadataId": "40f94d1d-83c0-4a54-8e4a-d13d2a2dba4e"
          },
          "type": "Compose",
          "inputs": "@outputs('Perform_a_bound_action')?['body/Result']"
        },
        "Respond_to_a_PowerApp_or_flow": {
          "runAfter": {
            "Compose": [
              "Succeeded"
            ]
          },
          "metadata": {
            "operationMetadataId": "e1e18462-5df7-415f-85b9-f88d6fab0db2"
          },
          "type": "Response",
          "kind": "PowerApp",
          "inputs": {
            "statusCode": 200,
            "body": {
              "result": "@{outputs('Compose')}"
            },
            "schema": {
              "type": "object",
              "properties": {
                "result": {
                  "title": "Result",
                  "x-ms-dynamically-added": true,
                  "type": "string"
                }
              }
            }
          }
        }
      },
      "outputs": {}
    },
    "templateName": ""
  },
  "schemaVersion": "1.0.0.0"
}