{
  "properties": {
    "connectionReferences": {
      "shared_commondataserviceforapps": {
        "runtimeSource": "embedded",
        "connection": {
          "connectionReferenceLogicalName": "new_sharedcommondataserviceforapps_4fbe3"
        },
        "api": {
          "name": "shared_commondataserviceforapps"
        }
      }
    },
    "definition": {
      "$schema": "https://schema.management.azure.com/providers/Microsoft.Logic/schemas/2016-06-01/workflowdefinition.json#",
      "contentVersion": "1.0.0.0",
      "parameters": {
        "$connections": {
          "defaultValue": {},
          "type": "Object"
        },
        "$authentication": {
          "defaultValue": {},
          "type": "SecureObject"
        }
      },
      "triggers": {
        "manual": {
          "metadata": {
            "operationMetadataId": "550acc59-9092-45c2-8e52-182c6261632d"
          },
          "type": "Request",
          "kind": "PowerPages",
          "inputs": {
            "schema": {
              "type": "object",
              "properties": {
                "text": {
                  "title": "email",
                  "type": "string",
                  "x-ms-dynamically-added": true,
                  "description": "Please enter your input",
                  "x-ms-content-hint": "TEXT"
                }
              },
              "required": [
                "text"
              ]
            }
          }
        }
      },
      "actions": {
        "Get_Contact_with_same_email": {
          "runAfter": {},
          "metadata": {
            "operationMetadataId": "d851ef3e-268f-4004-b468-59f735e29aaa"
          },
          "type": "OpenApiConnection",
          "inputs": {
            "host": {
              "connectionName": "shared_commondataserviceforapps",
              "operationId": "ListRecords",
              "apiId": "/providers/Microsoft.PowerApps/apis/shared_commondataserviceforapps"
            },
            "parameters": {
              "entityName": "contacts",
              "$filter": "emailaddress1 eq '@{triggerBody()['text']}'"
            },
            "authentication": "@parameters('$authentication')"
          }
        },
        "Condition": {
          "actions": {
            "Respond_to_a_PowerApp_or_flow": {
              "runAfter": {},
              "metadata": {
                "operationMetadataId": "2fa9bafc-200d-4d27-9bce-5adaa9096a5c"
              },
              "type": "Response",
              "kind": "PowerApp",
              "inputs": {
                "statusCode": 200,
                "body": {
                  "result": "0"
                },
                "schema": {
                  "type": "object",
                  "properties": {
                    "result": {
                      "title": "Result",
                      "x-ms-dynamically-added": true,
                      "type": "string"
                    }
                  }
                }
              }
            }
          },
          "runAfter": {
            "Get_Contact_with_same_email": [
              "Succeeded"
            ]
          },
          "else": {
            "actions": {
              "Respond_to_a_PowerApp_or_flow_2": {
                "runAfter": {},
                "metadata": {
                  "operationMetadataId": "f19ab807-872c-4299-bec2-bc6ceb1e6ba1"
                },
                "type": "Response",
                "kind": "PowerApp",
                "inputs": {
                  "statusCode": 200,
                  "body": {
                    "result": "1"
                  },
                  "schema": {
                    "type": "object",
                    "properties": {
                      "result": {
                        "title": "Result",
                        "x-ms-dynamically-added": true,
                        "type": "string"
                      }
                    }
                  }
                }
              }
            }
          },
          "expression": {
            "equals": [
              "@length(outputs('Get_Contact_with_same_email')?['body/value'])",
              0
            ]
          },
          "metadata": {
            "operationMetadataId": "5886f4e2-782f-45ab-b5a3-628de24f6bb6"
          },
          "type": "If"
        }
      },
      "outputs": {}
    },
    "templateName": null
  },
  "schemaVersion": "1.0.0.0"
}