<powerpagecomponent powerpagecomponentid="162ccf65-e3f0-ee11-904b-000d3a59f66d">
  <content>{"botschemaname":"cr0d6_22eb01c9-2f91-4357-82d4-8401d5764a67", "configjson":"{}"}</content>
  <iscustomizable>1</iscustomizable>
  <name>Bot Consumer</name>
  <powerpagecomponenttype>27</powerpagecomponenttype>
  <powerpagesiteid>
    <powerpagesiteid>f62fd491-334a-42a9-84a1-ce7953c3e3b6</powerpagesiteid>
  </powerpagesiteid>
  <statecode>0</statecode>
  <statuscode>1</statuscode>
</powerpagecomponent>