<powerpagecomponent powerpagecomponentid="eeea2c18-f451-4bac-81a7-d5dd2a54d98c">
  <content>{"display_name":"Search/Results Count","value":"{{ current_page }} - {{ page_size }} of {{ searchindex.approximate_total_hits }} Results"}</content>
  <iscustomizable>1</iscustomizable>
  <name>Search/ResultsCount</name>
  <powerpagecomponenttype>7</powerpagecomponenttype>
  <powerpagesiteid>
    <powerpagesiteid>f62fd491-334a-42a9-84a1-ce7953c3e3b6</powerpagesiteid>
  </powerpagesiteid>
  <powerpagesitelanguageid>
    <powerpagesitelanguageid>b6ab0005-4b4e-4fad-86b0-85fad57079d4</powerpagesitelanguageid>
  </powerpagesitelanguageid>
  <statecode>0</statecode>
  <statuscode>1</statuscode>
</powerpagecomponent>