<powerpagecomponent powerpagecomponentid="ab7eaa88-49af-40a5-a811-abc49beb9d7d">
  <content>{
  "filecontent": null,
  "displayorder": 1,
  "enablerating": false,
  "enabletracking": false,
  "excludefromsearch": false,
  "feedbackpolicy": 756150005,
  "hiddenfromsitemap": false,
  "isroot": true,
  "pagetemplateid": "7aac8096-2a1b-4a20-b897-5cf8a06c21c3",
  "partialurl": "/",
  "publishingstateid": "6305fb23-50da-4547-8459-08810bf5e2ee",
  "sharedpageconfiguration": false,
  "title": "Home",
  "parentpageid": null
}</content>
  <iscustomizable>1</iscustomizable>
  <name>HOME</name>
  <powerpagecomponenttype>2</powerpagecomponenttype>
  <powerpagesiteid>
    <powerpagesiteid>f62fd491-334a-42a9-84a1-ce7953c3e3b6</powerpagesiteid>
  </powerpagesiteid>
  <searchcontent>HomeHOME</searchcontent>
  <statecode>0</statecode>
  <statuscode>1</statuscode>
</powerpagecomponent>