<powerpagecomponent powerpagecomponentid="fb4cfd39-4d15-40e8-9e4d-f1d1be2332fc">
  <content>{
  "source": "&lt;!-- Default studio template. Please do not modify --&gt;\r\n&lt;div id=\"mainContent\" class = \"wrapper-body\" role=\"main\"&gt;\r\n    {% include 'Page Copy' %}\r\n    {% include 'WebAPIAjax' %}\r\n&lt;/div&gt;"
}</content>
  <iscustomizable>1</iscustomizable>
  <name>Default studio template</name>
  <powerpagecomponenttype>8</powerpagecomponenttype>
  <powerpagesiteid>
    <powerpagesiteid>f62fd491-334a-42a9-84a1-ce7953c3e3b6</powerpagesiteid>
  </powerpagesiteid>
  <statecode>0</statecode>
  <statuscode>1</statuscode>
</powerpagecomponent>