<powerpagecomponent powerpagecomponentid="e04a09e1-22dd-453a-86cc-e26295e6f940">
  <content>{"display_name":"Search/Results Title","value":"Results for {{ request.params.q }}"}</content>
  <iscustomizable>1</iscustomizable>
  <name>Search/ResultsTitle</name>
  <powerpagecomponenttype>7</powerpagecomponenttype>
  <powerpagesiteid>
    <powerpagesiteid>f62fd491-334a-42a9-84a1-ce7953c3e3b6</powerpagesiteid>
  </powerpagesiteid>
  <powerpagesitelanguageid>
    <powerpagesitelanguageid>b6ab0005-4b4e-4fad-86b0-85fad57079d4</powerpagesitelanguageid>
  </powerpagesitelanguageid>
  <statecode>0</statecode>
  <statuscode>1</statuscode>
</powerpagecomponent>