<powerpagecomponent powerpagecomponentid="41470208-8bb6-44ea-b66a-eddfa03f8c92">
  <content>{
  "powerpagesitelanguageid": "b6ab0005-4b4e-4fad-86b0-85fad57079d4",
  "filecontent": null,
  "display_name": "Footer",
  "type": 756150001,
  "value": "&lt;p id=\"i0f8a\"&gt;&lt;span&gt;Copyright © &lt;/span&gt;{{ now | date: 'yyyy' }}&lt;span&gt;. All rights reserved.&lt;/span&gt;&lt;/p&gt;\n"
}</content>
  <iscustomizable>1</iscustomizable>
  <name>Footer</name>
  <powerpagecomponenttype>7</powerpagecomponenttype>
  <powerpagesiteid>
    <powerpagesiteid>f62fd491-334a-42a9-84a1-ce7953c3e3b6</powerpagesiteid>
  </powerpagesiteid>
  <powerpagesitelanguageid>
    <powerpagesitelanguageid>b6ab0005-4b4e-4fad-86b0-85fad57079d4</powerpagesitelanguageid>
  </powerpagesitelanguageid>
  <statecode>0</statecode>
  <statuscode>1</statuscode>
</powerpagecomponent>