<powerpagecomponent powerpagecomponentid="fe13d7fd-616f-4f01-9b01-fb58cb87ed38">
  <content>{
  "powerpagesitelanguageid": "b6ab0005-4b4e-4fad-86b0-85fad57079d4",
  "filecontent": null,
  "display_name": "Mobile Header",
  "type": 756150001,
  "value": "&lt;a href=\"~/\"&gt;{% if snippets['Logo URL'] %}&lt;img src=\"{{ snippets['Logo URL'] }}\" alt=\"{{ snippets['Logo alt text'] }}\" style=\"width: auto; height: 60px; margin: 0 10px;\"&gt;{% endif %}\n  {% if snippets['Site name'] %}&lt;h1 class=\"siteTitle custom-sitetitle\"&gt;{{ snippets['Site name'] }}&lt;/h1&gt;{% endif %}\n&lt;/a&gt;"
}</content>
  <iscustomizable>1</iscustomizable>
  <name>Mobile Header</name>
  <powerpagecomponenttype>7</powerpagecomponenttype>
  <powerpagesiteid>
    <powerpagesiteid>f62fd491-334a-42a9-84a1-ce7953c3e3b6</powerpagesiteid>
  </powerpagesiteid>
  <powerpagesitelanguageid>
    <powerpagesitelanguageid>b6ab0005-4b4e-4fad-86b0-85fad57079d4</powerpagesitelanguageid>
  </powerpagesitelanguageid>
  <statecode>0</statecode>
  <statuscode>1</statuscode>
</powerpagecomponent>