<powerpagecomponent powerpagecomponentid="b344dd81-aa5f-492d-bfe1-7d9c14da44a9">
  <content>{"enabletracking":false,"excludefromsearch":false,"hiddenfromsitemap":false,"parentpageid":"ab7eaa88-49af-40a5-a811-abc49beb9d7d","partialurl":"Logo-sm-64.png","publishingstateid":"6305fb23-50da-4547-8459-08810bf5e2ee"}</content>
  <filecontent mimetype="image/png">WipfliLogo.png</filecontent>
  <iscustomizable>1</iscustomizable>
  <name>Logo-sm-64.png</name>
  <powerpagecomponenttype>3</powerpagecomponenttype>
  <powerpagesiteid>
    <powerpagesiteid>f62fd491-334a-42a9-84a1-ce7953c3e3b6</powerpagesiteid>
  </powerpagesiteid>
  <statecode>0</statecode>
  <statuscode>1</statuscode>
</powerpagecomponent>