<ImportExportXml version="9.2.24032.204" SolutionPackageVersion="9.2" languagecode="1033" generatedBy="CrmLive" xmlns:xsi="http://www.w3.org/2001/XMLSchema-instance">
  <SolutionManifest>
    <UniqueName>WipfliCustomization</UniqueName>
    <LocalizedNames>
      <LocalizedName description="Wipfli Customization" languagecode="1033" />
    </LocalizedNames>
    <Descriptions />
    <Version>1.0.0.3</Version>
    <Managed>1</Managed>
    <Publisher>
      <UniqueName>wipfli</UniqueName>
      <LocalizedNames>
        <LocalizedName description="Wipfli" languagecode="1033" />
      </LocalizedNames>
      <Descriptions>
        <Description description="With approximately 1,000 associates and 22 offices in the United States and India, Wipfli LLP (Wipfli) ranks among the top 30 accounting and business consulting firms in the nation. Wipfli is also an independent member of PKF International Limited, the tenth largest global accounting network in the world." languagecode="1033" />
      </Descriptions>
      <EMailAddress>ryan.swiderski@wipfli.com</EMailAddress>
      <SupportingWebsiteUrl>www.wipfli.com</SupportingWebsiteUrl>
      <CustomizationPrefix>wipfli</CustomizationPrefix>
      <CustomizationOptionValuePrefix>14669</CustomizationOptionValuePrefix>
      <Addresses>
        <Address>
          <AddressNumber>1</AddressNumber>
          <AddressTypeCode>1</AddressTypeCode>
          <City xsi:nil="true"></City>
          <County xsi:nil="true"></County>
          <Country xsi:nil="true"></Country>
          <Fax xsi:nil="true"></Fax>
          <FreightTermsCode xsi:nil="true"></FreightTermsCode>
          <ImportSequenceNumber xsi:nil="true"></ImportSequenceNumber>
          <Latitude xsi:nil="true"></Latitude>
          <Line1 xsi:nil="true"></Line1>
          <Line2 xsi:nil="true"></Line2>
          <Line3 xsi:nil="true"></Line3>
          <Longitude xsi:nil="true"></Longitude>
          <Name xsi:nil="true"></Name>
          <PostalCode xsi:nil="true"></PostalCode>
          <PostOfficeBox xsi:nil="true"></PostOfficeBox>
          <PrimaryContactName xsi:nil="true"></PrimaryContactName>
          <ShippingMethodCode>1</ShippingMethodCode>
          <StateOrProvince xsi:nil="true"></StateOrProvince>
          <Telephone1 xsi:nil="true"></Telephone1>
          <Telephone2 xsi:nil="true"></Telephone2>
          <Telephone3 xsi:nil="true"></Telephone3>
          <TimeZoneRuleVersionNumber xsi:nil="true"></TimeZoneRuleVersionNumber>
          <UPSZone xsi:nil="true"></UPSZone>
          <UTCOffset xsi:nil="true"></UTCOffset>
          <UTCConversionTimeZoneCode xsi:nil="true"></UTCConversionTimeZoneCode>
        </Address>
        <Address>
          <AddressNumber>2</AddressNumber>
          <AddressTypeCode>1</AddressTypeCode>
          <City xsi:nil="true"></City>
          <County xsi:nil="true"></County>
          <Country xsi:nil="true"></Country>
          <Fax xsi:nil="true"></Fax>
          <FreightTermsCode xsi:nil="true"></FreightTermsCode>
          <ImportSequenceNumber xsi:nil="true"></ImportSequenceNumber>
          <Latitude xsi:nil="true"></Latitude>
          <Line1 xsi:nil="true"></Line1>
          <Line2 xsi:nil="true"></Line2>
          <Line3 xsi:nil="true"></Line3>
          <Longitude xsi:nil="true"></Longitude>
          <Name xsi:nil="true"></Name>
          <PostalCode xsi:nil="true"></PostalCode>
          <PostOfficeBox xsi:nil="true"></PostOfficeBox>
          <PrimaryContactName xsi:nil="true"></PrimaryContactName>
          <ShippingMethodCode>1</ShippingMethodCode>
          <StateOrProvince xsi:nil="true"></StateOrProvince>
          <Telephone1 xsi:nil="true"></Telephone1>
          <Telephone2 xsi:nil="true"></Telephone2>
          <Telephone3 xsi:nil="true"></Telephone3>
          <TimeZoneRuleVersionNumber xsi:nil="true"></TimeZoneRuleVersionNumber>
          <UPSZone xsi:nil="true"></UPSZone>
          <UTCOffset xsi:nil="true"></UTCOffset>
          <UTCConversionTimeZoneCode xsi:nil="true"></UTCConversionTimeZoneCode>
        </Address>
      </Addresses>
    </Publisher>
    <RootComponents>
      <RootComponent type="1" schemaName="account" behavior="2" />
      <RootComponent type="1" schemaName="contact" behavior="1" />
      <RootComponent type="1" schemaName="wipfli_leads" behavior="0" />
      <RootComponent type="29" id="{1fef94b4-b4fc-ee11-a1fe-000d3a301888}" behavior="0" />
      <RootComponent type="29" id="{9218cc5c-abf8-ee11-a1fd-000d3a330349}" behavior="0" />
      <RootComponent type="29" id="{adadaf34-95fc-ee11-a1fe-000d3a301888}" behavior="0" />
    </RootComponents>
    <MissingDependencies>
      <MissingDependency>
        <Required type="1" schemaName="adx_casedeflection" displayName="Case Deflection" solution="KnowledgeManagement (9.3.2306.0)">
          <package>CustomerPortal (9.3.2302.66)</package>
        </Required>
        <Dependent type="60" displayName="Portal Contact" parentDisplayName="Contact" id="{3fb651a5-cdbf-46c9-87fb-d2c748662bb8}" />
      </MissingDependency>
      <MissingDependency>
        <Required type="1" schemaName="adx_contentaccesslevel" displayName="Content Access Level" solution="KnowledgeManagement (9.3.2306.0)">
          <package>CustomerPortal (9.3.2302.66)</package>
        </Required>
        <Dependent type="60" displayName="Portal Contact" parentDisplayName="Contact" id="{3fb651a5-cdbf-46c9-87fb-d2c748662bb8}" />
      </MissingDependency>
      <MissingDependency>
        <Required type="1" schemaName="adx_externalidentity" displayName="External Identity" solution="PowerPages_RuntimeCore (1.0.2312.2)">
          <package>PowerPages_Core (1.0.2401.75)</package>
        </Required>
        <Dependent type="60" displayName="Portal Contact" parentDisplayName="Contact" id="{3fb651a5-cdbf-46c9-87fb-d2c748662bb8}" />
      </MissingDependency>
      <MissingDependency>
        <Required type="1" schemaName="adx_webrole" displayName="Web Role" solution="MicrosoftPortalDependencies (9.3.2307.1)">
          <package>CDSBasePortal (9.3.2402.106)</package>
        </Required>
        <Dependent type="60" displayName="Portal Contact" parentDisplayName="Contact" id="{3fb651a5-cdbf-46c9-87fb-d2c748662bb8}" />
      </MissingDependency>
      <MissingDependency>
        <Required type="1" schemaName="product" displayName="Product" solution="msdynce_ProductManagement (9.0.4.0066)">
          <package>msdynce_ProductManagementAnchor (9.0.24023.10001)</package>
        </Required>
        <Dependent type="60" displayName="Portal Contact" parentDisplayName="Contact" id="{3fb651a5-cdbf-46c9-87fb-d2c748662bb8}" />
      </MissingDependency>
      <MissingDependency>
        <Required type="10" schemaName="adx_ContactContentAccessLevel" displayName="adx_ContactContentAccessLevel" parentSchemaName="adx_contentaccesslevel" parentDisplayName="Content Access Level" solution="KnowledgeManagement (9.3.2306.0)">
          <package>CustomerPortal (9.3.2302.66)</package>
        </Required>
        <Dependent type="60" displayName="Portal Contact" parentDisplayName="Contact" id="{3fb651a5-cdbf-46c9-87fb-d2c748662bb8}" />
      </MissingDependency>
      <MissingDependency>
        <Required type="10" schemaName="adx_webrole_contact" displayName="adx_webrole_contact" parentSchemaName="adx_webrole" parentDisplayName="Web Role" solution="MicrosoftPortalDependencies (9.3.2307.1)">
          <package>CDSBasePortal (9.3.2402.106)</package>
        </Required>
        <Dependent type="60" displayName="Portal Contact" parentDisplayName="Contact" id="{3fb651a5-cdbf-46c9-87fb-d2c748662bb8}" />
      </MissingDependency>
      <MissingDependency>
        <Required type="10" schemaName="adx_contact_adx_casedeflection_Contact" displayName="adx_contact_adx_casedeflection_Contact" parentSchemaName="contact" parentDisplayName="Contact" solution="KnowledgeManagement (9.3.2306.0)">
          <package>CustomerPortal (9.3.2302.66)</package>
        </Required>
        <Dependent type="60" displayName="Portal Contact" parentDisplayName="Contact" id="{3fb651a5-cdbf-46c9-87fb-d2c748662bb8}" />
      </MissingDependency>
      <MissingDependency>
        <Required type="10" schemaName="adx_contact_externalidentity" displayName="adx_contact_externalidentity" parentSchemaName="contact" parentDisplayName="Contact" solution="PowerPages_RuntimeCore (1.0.2312.2)">
          <package>PowerPages_Core (1.0.2401.75)</package>
        </Required>
        <Dependent type="60" displayName="Portal Contact" parentDisplayName="Contact" id="{3fb651a5-cdbf-46c9-87fb-d2c748662bb8}" />
      </MissingDependency>
      <MissingDependency>
        <Required type="10" schemaName="adx_contactproduct" displayName="adx_contactproduct" parentSchemaName="contact" parentDisplayName="Contact" solution="KnowledgeManagement (9.3.2306.0)">
          <package>CustomerPortal (9.3.2302.66)</package>
        </Required>
        <Dependent type="60" displayName="Portal Contact" parentDisplayName="Contact" id="{3fb651a5-cdbf-46c9-87fb-d2c748662bb8}" />
      </MissingDependency>
      <MissingDependency>
        <Required type="181" schemaName="Virtual Connector Data Provider" displayName="Virtual Connector Data Provider" solution="msft_ConnectorProvider (9.1.0.94)" id="{b581d5dc-72e1-ea11-a81e-000d3af5fff1}">
          <package>msft_ConnectorProviderAnchor (9.1.0.94)</package>
        </Required>
        <Dependent type="1" schemaName="wipfli_leads" displayName="Inquiry" />
      </MissingDependency>
      <MissingDependency>
        <Required type="183" schemaName="VCP_DS_611a1428-665a-4a7c-9450-b81cfde78288" displayName="VCP_DS_611a1428-665a-4a7c-9450-b81cfde78288" solution="Active" id="{f275b641-3ada-ee11-904c-000d3a346f55}" />
        <Dependent type="1" schemaName="wipfli_leads" displayName="Inquiry" />
      </MissingDependency>
      <MissingDependency>
        <Required type="2" schemaName="originatingleadid" displayName="Originating Lead" parentSchemaName="account" parentDisplayName="Account" solution="msdynce_LeadManagement (9.0.4.0066)">
          <package>msdynce_LeadManagementAnchor (9.0.24031.10001)</package>
        </Required>
        <Dependent type="60" displayName="Organization Web form" parentDisplayName="Account" id="{43688462-1ffa-ee11-a1fe-000d3a3448c4}" />
      </MissingDependency>
      <MissingDependency>
        <Required type="2" schemaName="adx_identity_accessfailedcount" displayName="Access Failed Count" parentSchemaName="contact" parentDisplayName="Contact" solution="PowerPages_RuntimeCore (1.0.2312.2)">
          <package>PowerPages_Core (1.0.2401.75)</package>
        </Required>
        <Dependent type="60" displayName="Portal Contact" parentDisplayName="Contact" id="{3fb651a5-cdbf-46c9-87fb-d2c748662bb8}" />
      </MissingDependency>
      <MissingDependency>
        <Required type="2" schemaName="adx_identity_emailaddress1confirmed" displayName="Email Confirmed" parentSchemaName="contact" parentDisplayName="Contact" solution="PowerPages_RuntimeCore (1.0.2312.2)">
          <package>PowerPages_Core (1.0.2401.75)</package>
        </Required>
        <Dependent type="60" displayName="Portal Contact" parentDisplayName="Contact" id="{3fb651a5-cdbf-46c9-87fb-d2c748662bb8}" />
      </MissingDependency>
      <MissingDependency>
        <Required type="2" schemaName="adx_identity_locallogindisabled" displayName="Local Login Disabled" parentSchemaName="contact" parentDisplayName="Contact" solution="PowerPages_RuntimeCore (1.0.2312.2)">
          <package>PowerPages_Core (1.0.2401.75)</package>
        </Required>
        <Dependent type="60" displayName="Portal Contact" parentDisplayName="Contact" id="{3fb651a5-cdbf-46c9-87fb-d2c748662bb8}" />
      </MissingDependency>
      <MissingDependency>
        <Required type="2" schemaName="adx_identity_lockoutenabled" displayName="Lockout Enabled" parentSchemaName="contact" parentDisplayName="Contact" solution="PowerPages_RuntimeCore (1.0.2312.2)">
          <package>PowerPages_Core (1.0.2401.75)</package>
        </Required>
        <Dependent type="60" displayName="Portal Contact" parentDisplayName="Contact" id="{3fb651a5-cdbf-46c9-87fb-d2c748662bb8}" />
      </MissingDependency>
      <MissingDependency>
        <Required type="2" schemaName="adx_identity_lockoutenddate" displayName="Lockout End Date" parentSchemaName="contact" parentDisplayName="Contact" solution="PowerPages_RuntimeCore (1.0.2312.2)">
          <package>PowerPages_Core (1.0.2401.75)</package>
        </Required>
        <Dependent type="60" displayName="Portal Contact" parentDisplayName="Contact" id="{3fb651a5-cdbf-46c9-87fb-d2c748662bb8}" />
      </MissingDependency>
      <MissingDependency>
        <Required type="2" schemaName="adx_identity_logonenabled" displayName="Login Enabled" parentSchemaName="contact" parentDisplayName="Contact" solution="PowerPages_RuntimeCore (1.0.2312.2)">
          <package>PowerPages_Core (1.0.2401.75)</package>
        </Required>
        <Dependent type="60" displayName="Portal Contact" parentDisplayName="Contact" id="{3fb651a5-cdbf-46c9-87fb-d2c748662bb8}" />
      </MissingDependency>
      <MissingDependency>
        <Required type="2" schemaName="adx_identity_mobilephoneconfirmed" displayName="Mobile Phone Confirmed" parentSchemaName="contact" parentDisplayName="Contact" solution="PowerPages_RuntimeCore (1.0.2312.2)">
          <package>PowerPages_Core (1.0.2401.75)</package>
        </Required>
        <Dependent type="60" displayName="Portal Contact" parentDisplayName="Contact" id="{3fb651a5-cdbf-46c9-87fb-d2c748662bb8}" />
      </MissingDependency>
      <MissingDependency>
        <Required type="2" schemaName="adx_identity_securitystamp" displayName="Security Stamp" parentSchemaName="contact" parentDisplayName="Contact" solution="PowerPages_RuntimeCore (1.0.2312.2)">
          <package>PowerPages_Core (1.0.2401.75)</package>
        </Required>
        <Dependent type="60" displayName="Portal Contact" parentDisplayName="Contact" id="{3fb651a5-cdbf-46c9-87fb-d2c748662bb8}" />
      </MissingDependency>
      <MissingDependency>
        <Required type="2" schemaName="adx_identity_twofactorenabled" displayName="Two Factor Enabled" parentSchemaName="contact" parentDisplayName="Contact" solution="PowerPages_RuntimeCore (1.0.2312.2)">
          <package>PowerPages_Core (1.0.2401.75)</package>
        </Required>
        <Dependent type="60" displayName="Portal Contact" parentDisplayName="Contact" id="{3fb651a5-cdbf-46c9-87fb-d2c748662bb8}" />
      </MissingDependency>
      <MissingDependency>
        <Required type="2" schemaName="adx_identity_username" displayName="User Name" parentSchemaName="contact" parentDisplayName="Contact" solution="PowerPages_RuntimeCore (1.0.2312.2)">
          <package>PowerPages_Core (1.0.2401.75)</package>
        </Required>
        <Dependent type="60" displayName="Portal Contact" parentDisplayName="Contact" id="{3fb651a5-cdbf-46c9-87fb-d2c748662bb8}" />
      </MissingDependency>
      <MissingDependency>
        <Required type="2" schemaName="adx_timezone" displayName="Time Zone" parentSchemaName="contact" parentDisplayName="Contact" solution="PowerPages_RuntimeCoreDependencies (1.0.2305.1)">
          <package>PowerPages_Core (1.0.2401.75)</package>
        </Required>
        <Dependent type="60" displayName="Portal Contact" parentDisplayName="Contact" id="{3fb651a5-cdbf-46c9-87fb-d2c748662bb8}" />
      </MissingDependency>
      <MissingDependency>
        <Required type="2" schemaName="defaultpricelevelid" displayName="Price List" parentSchemaName="contact" parentDisplayName="Contact" solution="msdynce_ProductManagement (9.0.4.0066)">
          <package>msdynce_ProductManagementAnchor (9.0.24023.10001)</package>
        </Required>
        <Dependent type="60" displayName="Portal Contact" parentDisplayName="Contact" id="{3fb651a5-cdbf-46c9-87fb-d2c748662bb8}" />
      </MissingDependency>
      <MissingDependency>
        <Required type="2" schemaName="originatingleadid" displayName="Originating Lead" parentSchemaName="contact" parentDisplayName="Contact" solution="msdynce_LeadManagement (9.0.4.0066)">
          <package>msdynce_LeadManagementAnchor (9.0.24031.10001)</package>
        </Required>
        <Dependent type="60" displayName="Portal Contact" parentDisplayName="Contact" id="{3fb651a5-cdbf-46c9-87fb-d2c748662bb8}" />
      </MissingDependency>
      <MissingDependency>
        <Required type="2" schemaName="preferredequipmentid" displayName="Preferred Facility/Equipment" parentSchemaName="contact" parentDisplayName="Contact" solution="msdynce_Service (9.0.5.56)">
          <package>msdynce_ServiceAnchor (9.0.24031.1014)</package>
        </Required>
        <Dependent type="60" displayName="Portal Contact" parentDisplayName="Contact" id="{3fb651a5-cdbf-46c9-87fb-d2c748662bb8}" />
      </MissingDependency>
      <MissingDependency>
        <Required type="2" schemaName="preferredserviceid" displayName="Preferred Service" parentSchemaName="contact" parentDisplayName="Contact" solution="msdynce_Service (9.0.5.56)">
          <package>msdynce_ServiceAnchor (9.0.24031.1014)</package>
        </Required>
        <Dependent type="60" displayName="Portal Contact" parentDisplayName="Contact" id="{3fb651a5-cdbf-46c9-87fb-d2c748662bb8}" />
      </MissingDependency>
      <MissingDependency>
        <Required type="26" schemaName="All Contacts" displayName="All Contacts" parentSchemaName="contact" parentDisplayName="Contact" solution="msdynce_AppCommon (9.0.4.0066)" id="{0d5d377b-5e7c-47b5-bab1-a5cb8b4ac105}">
          <package>msdynce_AppCommonAnchor (9.0.24031.10002)</package>
        </Required>
        <Dependent type="60" displayName="Organization Web form" parentDisplayName="Account" id="{43688462-1ffa-ee11-a1fe-000d3a3448c4}" />
      </MissingDependency>
      <MissingDependency>
        <Required type="26" schemaName="Active Services" displayName="Active Services" parentSchemaName="service" parentDisplayName="Service" solution="msdynce_Service (9.0.5.56)" id="{2bd4de5e-a7b4-4f5d-8fde-eb3b62d8e2b2}">
          <package>msdynce_ServiceAnchor (9.0.24031.1014)</package>
        </Required>
        <Dependent type="60" displayName="Portal Contact" parentDisplayName="Contact" id="{3fb651a5-cdbf-46c9-87fb-d2c748662bb8}" />
      </MissingDependency>
      <MissingDependency>
        <Required type="26" schemaName="ProductsView" displayName="ProductsView" parentSchemaName="product" parentDisplayName="Product" solution="KnowledgeManagement (9.3.2306.0)" id="{37c33d65-0f5a-e611-80d1-00155db16f89}">
          <package>CustomerPortal (9.3.2302.66)</package>
        </Required>
        <Dependent type="60" displayName="Portal Contact" parentDisplayName="Contact" id="{3fb651a5-cdbf-46c9-87fb-d2c748662bb8}" />
      </MissingDependency>
      <MissingDependency>
        <Required type="26" schemaName="All Products, Families &amp; Bundles" displayName="All Products, Families &amp; Bundles" parentSchemaName="product" parentDisplayName="Product" solution="msdynce_ProductManagement (9.0.4.0066)" id="{44aeb57e-840f-4026-b898-24b261493c3c}">
          <package>msdynce_ProductManagementAnchor (9.0.24023.10001)</package>
        </Required>
        <Dependent type="60" displayName="Portal Contact" parentDisplayName="Contact" id="{3fb651a5-cdbf-46c9-87fb-d2c748662bb8}" />
      </MissingDependency>
      <MissingDependency>
        <Required type="26" schemaName="Active Web Roles" displayName="Active Web Roles" parentSchemaName="adx_webrole" parentDisplayName="Web Role" solution="MicrosoftPortalDependencies (9.3.2307.1)" id="{8a3aad5d-06ee-40ad-a1ba-000c521a8f83}">
          <package>CDSBasePortal (9.3.2402.106)</package>
        </Required>
        <Dependent type="60" displayName="Portal Contact" parentDisplayName="Contact" id="{3fb651a5-cdbf-46c9-87fb-d2c748662bb8}" />
      </MissingDependency>
      <MissingDependency>
        <Required type="26" schemaName="Active Case Deflections" displayName="Active Case Deflections" parentSchemaName="adx_casedeflection" parentDisplayName="Case Deflection" solution="KnowledgeManagement (9.3.2306.0)" id="{8e4c747a-85ee-4e2b-8262-dafbafcce805}">
          <package>CustomerPortal (9.3.2302.66)</package>
        </Required>
        <Dependent type="60" displayName="Portal Contact" parentDisplayName="Contact" id="{3fb651a5-cdbf-46c9-87fb-d2c748662bb8}" />
      </MissingDependency>
      <MissingDependency>
        <Required type="26" schemaName="Active External Identities" displayName="Active External Identities" parentSchemaName="adx_externalidentity" parentDisplayName="External Identity" solution="PowerPages_RuntimeCore (1.0.2312.2)" id="{93fe9ed1-cabf-4755-9f63-4f3f989084e6}">
          <package>PowerPages_Core (1.0.2401.75)</package>
        </Required>
        <Dependent type="60" displayName="Portal Contact" parentDisplayName="Contact" id="{3fb651a5-cdbf-46c9-87fb-d2c748662bb8}" />
      </MissingDependency>
      <MissingDependency>
        <Required type="26" schemaName="Active Content Access Levels" displayName="Active Content Access Levels" parentSchemaName="adx_contentaccesslevel" parentDisplayName="Content Access Level" solution="KnowledgeManagement (9.3.2306.0)" id="{d96b5dc6-5acc-430b-936b-0d30175851b3}">
          <package>CustomerPortal (9.3.2302.66)</package>
        </Required>
        <Dependent type="60" displayName="Portal Contact" parentDisplayName="Contact" id="{3fb651a5-cdbf-46c9-87fb-d2c748662bb8}" />
      </MissingDependency>
      <MissingDependency>
        <Required type="60" displayName="Portal Contact" parentDisplayName="Contact" solution="MicrosoftPortalDependencies (9.3.2307.1)" id="{3fb651a5-cdbf-46c9-87fb-d2c748662bb8}">
          <package>CDSBasePortal (9.3.2402.106)</package>
        </Required>
        <Dependent type="60" displayName="Portal Contact" parentDisplayName="Contact" id="{3fb651a5-cdbf-46c9-87fb-d2c748662bb8}" />
      </MissingDependency>
      <MissingDependency>
        <Required type="61" schemaName="msdyn_/Account/AssetCommon.Account.Library.js" displayName="msdyn_/Account/AssetCommon.Account.Library.js" solution="msdyn_AssetCommon (1.0.26.9)">
          <package>msdynce_ServiceAnchor (9.0.24031.1014)</package>
        </Required>
        <Dependent type="60" displayName="Organization Web form" parentDisplayName="Account" id="{43688462-1ffa-ee11-a1fe-000d3a3448c4}" />
      </MissingDependency>
      <MissingDependency>
        <Required type="61" schemaName="msdyn_SalesOmniChannel/SalesPhoneNumber.Library.js" displayName="msdyn_SalesOmniChannel/SalesPhoneNumber.Library.js" solution="msdyn_SalesOmniChannel (9.1.24031.10018)">
          <package>msdyn_AcceleratedSalesAnchor (9.1.24031.10018)</package>
        </Required>
        <Dependent type="60" displayName="Organization Web form" parentDisplayName="Account" id="{43688462-1ffa-ee11-a1fe-000d3a3448c4}" />
      </MissingDependency>
      <MissingDependency>
        <Required type="66" schemaName="Microsoft.AddressInputUCI" displayName="Microsoft.AddressInputUCI" solution="BaseCustomControlsCore (9.0.2403.2020)" />
        <Dependent type="60" displayName="Organization Web form" parentDisplayName="Account" id="{43688462-1ffa-ee11-a1fe-000d3a3448c4}" />
      </MissingDependency>
      <MissingDependency>
        <Required type="66" schemaName="msdyn_MscrmControls.TreeView.TreeViewControl" displayName="msdyn_MscrmControls.TreeView.TreeViewControl" solution="msdyn_AssetCommon (1.0.26.9)">
          <package>msdynce_ServiceAnchor (9.0.24031.1014)</package>
        </Required>
        <Dependent type="60" displayName="Organization Web form" parentDisplayName="Account" id="{43688462-1ffa-ee11-a1fe-000d3a3448c4}" />
      </MissingDependency>
      <MissingDependency>
        <Required type="66" schemaName="msdyn_SalesOmniChannel.SalesPhoneNumberControl" displayName="msdyn_SalesOmniChannel.SalesPhoneNumberControl" solution="msdyn_SalesOmniChannel (9.1.24031.10018)">
          <package>msdyn_AcceleratedSalesAnchor (9.1.24031.10018)</package>
        </Required>
        <Dependent type="60" displayName="Organization Web form" parentDisplayName="Account" id="{43688462-1ffa-ee11-a1fe-000d3a3448c4}" />
      </MissingDependency>
      <MissingDependency>
        <Required type="66" schemaName="vacp_AC.BingAddressAutocomplete" displayName="vacp_AC.BingAddressAutocomplete" solution="Active" />
        <Dependent type="60" displayName="Organization Web form" parentDisplayName="Account" id="{43688462-1ffa-ee11-a1fe-000d3a3448c4}" />
      </MissingDependency>
      <MissingDependency>
        <Required type="66" schemaName="wipfli_Wipfli.PCF.ModelDrivenGrid" displayName="wipfli_Wipfli.PCF.ModelDrivenGrid" solution="Active" />
        <Dependent type="60" displayName="Organization Web form" parentDisplayName="Account" id="{43688462-1ffa-ee11-a1fe-000d3a3448c4}" />
      </MissingDependency>
      <MissingDependency>
        <Required type="90" schemaName="WipfliEDMDemoAssemblies.CallAzureFunctionActivity, WipfliEDMDemoAssemblies, Version=1.0.0.0, Culture=neutral, PublicKeyToken=dc07233453d1b42d" displayName="WipfliEDMDemoAssemblies.CallAzureFunctionActivity" solution="Active" id="{f609e3ab-ae4c-4a48-9384-9e0a07a10dfc}" />
        <Dependent type="29" displayName="CallApiFromPortalUsingAction" id="{adadaf34-95fc-ee11-a1fe-000d3a301888}" />
      </MissingDependency>
      <MissingDependency>
        <Required type="connectionreference" displayName="new_sharedcommondataserviceforapps_4fbe3" solution="Active" id.connectionreferencelogicalname="new_sharedcommondataserviceforapps_4fbe3" />
        <Dependent type="29" displayName="Call Action" id="{1fef94b4-b4fc-ee11-a1fe-000d3a301888}" />
      </MissingDependency>
      <MissingDependency>
        <Required type="connectionreference" displayName="new_sharedcommondataserviceforapps_4fbe3" solution="Active" id.connectionreferencelogicalname="new_sharedcommondataserviceforapps_4fbe3" />
        <Dependent type="29" displayName="Get Contact with same email" id="{9218cc5c-abf8-ee11-a1fd-000d3a330349}" />
      </MissingDependency>
    </MissingDependencies>
  </SolutionManifest>
</ImportExportXml>