<powerpagecomponent powerpagecomponentid="ad858ea1-eb61-4cc6-bd1b-aa643d2e218b">
  <content>{"displayorder":1,"enabletracking":false,"excludefromsearch":true,"hiddenfromsitemap":true,"parentpageid":"ab7eaa88-49af-40a5-a811-abc49beb9d7d","partialurl":"bootstrap.min.css","publishingstateid":"6305fb23-50da-4547-8459-08810bf5e2ee"}</content>
  <filecontent mimetype="application/octet-stream">bootstrap.min.css</filecontent>
  <iscustomizable>1</iscustomizable>
  <name>bootstrap.min.css</name>
  <powerpagecomponenttype>3</powerpagecomponenttype>
  <powerpagesiteid>
    <powerpagesiteid>f62fd491-334a-42a9-84a1-ce7953c3e3b6</powerpagesiteid>
  </powerpagesiteid>
  <statecode>0</statecode>
  <statuscode>1</statuscode>
</powerpagecomponent>