<powerpagecomponent powerpagecomponentid="de1a4425-e993-49a1-85b8-4b302a44a0d2">
  <content>{"enablerating":false,"enabletracking":false,"excludefromsearch":true,"hiddenfromsitemap":true,"isroot":true,"pagetemplateid":"7aac8096-2a1b-4a20-b897-5cf8a06c21c3","parentpageid":"ab7eaa88-49af-40a5-a811-abc49beb9d7d","partialurl":"access-denied","publishingstateid":"6305fb23-50da-4547-8459-08810bf5e2ee","sharedpageconfiguration":false}</content>
  <iscustomizable>1</iscustomizable>
  <name>Access Denied</name>
  <powerpagecomponenttype>2</powerpagecomponenttype>
  <powerpagesiteid>
    <powerpagesiteid>f62fd491-334a-42a9-84a1-ce7953c3e3b6</powerpagesiteid>
  </powerpagesiteid>
  <searchcontent>Access Denied</searchcontent>
  <statecode>0</statecode>
  <statuscode>1</statuscode>
</powerpagecomponent>