<powerpagecomponent powerpagecomponentid="80024413-3b0d-4be9-b72e-df37876408bc">
  <content>{"description":"Site setting that determines if the language code is included in the portal URL.","value":"False"}</content>
  <iscustomizable>1</iscustomizable>
  <name>MultiLanguage/DisplayLanguageCodeInURL</name>
  <powerpagecomponenttype>9</powerpagecomponenttype>
  <powerpagesiteid>
    <powerpagesiteid>f62fd491-334a-42a9-84a1-ce7953c3e3b6</powerpagesiteid>
  </powerpagesiteid>
  <statecode>0</statecode>
  <statuscode>1</statuscode>
</powerpagecomponent>