<powerpagecomponent powerpagecomponentid="deea02d8-a6ed-4347-b7a2-e8913202aca7">
  <content>{
  "source": "&lt;footer role=\"contentinfo\"&gt;\r\n    &lt;div class=\"footer-bottom hidden-print\" style=\"\"&gt;\r\n        &lt;div class=\"row\" style=\"display: flex; flex-wrap: wrap; margin: 0px; min-height: auto; padding: 8px; width: 100%;\"&gt;\r\n            &lt;div class=\"container\" style=\"padding: 0px; display: flex; flex-wrap: wrap;\"&gt;\r\n                &lt;!-- Left Column for Address --&gt;\r\n                &lt;div class=\"col-md-4 col-sm-4 col-xs-12\" style=\"flex-grow: 1; display: flex; flex-direction: column; min-width: auto; word-break: break-word;\"&gt;\r\n                    &lt;div class=\"row\" style=\"display: flex; flex-wrap: wrap; margin: 0px; min-height: auto; padding: 8px;\"&gt;\r\n                        &lt;div class=\"col-md-12 col-sm-12 col-xs-12\" style=\"flex-grow: 1; display: flex; flex-direction: column; min-width: auto; word-break: break-word;\"&gt;\r\n                            {{ snippets['FooterAddress'] }}\r\n                        &lt;/div&gt;\r\n                    &lt;/div&gt;\r\n                &lt;/div&gt;\r\n                &lt;!-- Center Column for Social Media --&gt;\r\n                &lt;div class=\"col-md-4 col-sm-4 col-xs-12\" style=\"flex-grow: 1; display: flex; flex-direction: column; min-width: auto; word-break: break-word;\"&gt;\r\n                    &lt;div class=\"row\" style=\" flex-wrap: wrap; padding: 8px; margin: 0px; min-height: 30px;\"&gt;&lt;/div&gt;\r\n                    &lt;div class=\"row\" style=\"\"&gt;\r\n                        \r\n                           \r\n                        \r\n                    &lt;/div&gt;\r\n                &lt;/div&gt;\r\n\r\n            &lt;/div&gt;\r\n        &lt;/div&gt;\r\n    &lt;/div&gt;\r\n&lt;/footer&gt;\r\n\r\n&lt;style&gt;\r\n    @media screen and (max-width: 767px) {\r\n        .copyrightname {\r\n            text-align: left;\r\n            font-size: 18px;\r\n        }\r\n\r\n        .footerbtn {\r\n            text-align: left;\r\n        }\r\n    }\r\n\r\n    @media screen and (min-width: 768px) {\r\n        .copyrightname {\r\n            text-align: right;\r\n            font-size: 18px;\r\n        }\r\n\r\n        .footerbtn {\r\n            text-align: center;\r\n        }\r\n    }\r\n\r\n    @media screen and (min-width: 1201px) {\r\n        .paddingCopyright {\r\n            padding-right: 63px;\r\n        }\r\n    }\r\n\r\n    .footerbtn {\r\n        width: 100%;\r\n        font-family: Segoe UI;\r\n        font-size: 20px;\r\n        white-space: nowrap;\r\n        font-weight: 400;\r\n        line-height: 32px;\r\n        letter-spacing: 0em;\r\n        background-color: transparent;\r\n        border: none;\r\n        color: #FFFFFF;\r\n    }\r\n\r\n    .removemargin {\r\n        margin-top: 0px;\r\n        margin-bottom: 0px;\r\n        padding: 0px;\r\n    }\r\n\r\n    .rowmarginremove {\r\n        margin-left: 0px;\r\n        margin-right: 0px;\r\n    }\r\n\r\n    .itemsCenter {\r\n        display: flex;\r\n        justify-content: center;\r\n        align-items: center;\r\n        margin-right: 10px;\r\n    }\r\n\r\n\r\n\r\n    .footer-bottom {\r\n        padding: 0px 0 !important;\r\n        background-color: #0050FF !important;\r\n    }\r\n&lt;/style&gt;\r\n"
}</content>
  <iscustomizable>1</iscustomizable>
  <name>Footer</name>
  <powerpagecomponenttype>8</powerpagecomponenttype>
  <powerpagesiteid>
    <powerpagesiteid>f62fd491-334a-42a9-84a1-ce7953c3e3b6</powerpagesiteid>
  </powerpagesiteid>
  <statecode>0</statecode>
  <statuscode>1</statuscode>
</powerpagecomponent>