<powerpagecomponent powerpagecomponentid="1101ec34-074a-4665-bdc2-678bca38f2dc">
  <content>{"description":"A true or false value. If set to true, the local account will be marked as deprecated. The portal user will be required to migrate to a non-deprecated account.","value":"False"}</content>
  <iscustomizable>1</iscustomizable>
  <name>Authentication/Registration/LocalLoginDeprecated</name>
  <powerpagecomponenttype>9</powerpagecomponenttype>
  <powerpagesiteid>
    <powerpagesiteid>f62fd491-334a-42a9-84a1-ce7953c3e3b6</powerpagesiteid>
  </powerpagesiteid>
  <statecode>0</statecode>
  <statuscode>1</statuscode>
</powerpagecomponent>