<powerpagecomponent powerpagecomponentid="613fd86f-abf1-4be1-a6c0-94397dbced76">
  <content>{"description":"Sets whether or not the portal can redirect the user to the profile page after successful sign-in. By default, it is set to true.","value":"true"}</content>
  <iscustomizable>1</iscustomizable>
  <name>Authentication/Registration/ProfileRedirectEnabled</name>
  <powerpagecomponenttype>9</powerpagecomponenttype>
  <powerpagesiteid>
    <powerpagesiteid>f62fd491-334a-42a9-84a1-ce7953c3e3b6</powerpagesiteid>
  </powerpagesiteid>
  <statecode>0</statecode>
  <statuscode>1</statuscode>
</powerpagecomponent>