<powerpagecomponent powerpagecomponentid="6987000d-b11a-45bd-8bbd-279dcf60c427">
  <content>{
  "filecontent": null,
  "disablepagevalidation": false,
  "displayimageonly": false,
  "displayorder": 1,
  "displaypagechildlinks": false,
  "openinnewwindow": false,
  "pageid": "ab7eaa88-49af-40a5-a811-abc49beb9d7d",
  "publishingstateid": "6305fb23-50da-4547-8459-08810bf5e2ee",
  "robotsfollowlink": true,
  "weblinksetid": "68a41a3e-b671-4ef9-a954-48b969622f61"
}</content>
  <iscustomizable>1</iscustomizable>
  <name>HOME</name>
  <powerpagecomponenttype>5</powerpagecomponenttype>
  <powerpagesiteid>
    <powerpagesiteid>f62fd491-334a-42a9-84a1-ce7953c3e3b6</powerpagesiteid>
  </powerpagesiteid>
  <statecode>0</statecode>
  <statuscode>1</statuscode>
</powerpagecomponent>