<powerpagecomponent powerpagecomponentid="22ad5bf6-2fd3-4394-b0fe-e376b53353c0">
  <content>{"description":"Used to group a set of entities under an entry in the record type facet view.","value":"Downloads:annotation,adx_webfile"}</content>
  <iscustomizable>1</iscustomizable>
  <name>Search/RecordTypeFacetsEntities</name>
  <powerpagecomponenttype>9</powerpagecomponenttype>
  <powerpagesiteid>
    <powerpagesiteid>f62fd491-334a-42a9-84a1-ce7953c3e3b6</powerpagesiteid>
  </powerpagesiteid>
  <statecode>0</statecode>
  <statuscode>1</statuscode>
</powerpagecomponent>