<powerpagecomponent powerpagecomponentid="e9474549-cd38-46f2-ad29-303b1cf8cfd8">
  <content>{"description":"Denies use of the portal to minors without parental consent. By default, it is set to false.","value":"false"}</content>
  <iscustomizable>1</iscustomizable>
  <name>Authentication/Registration/DenyMinorsWithoutParentalConsent</name>
  <powerpagecomponenttype>9</powerpagecomponenttype>
  <powerpagesiteid>
    <powerpagesiteid>f62fd491-334a-42a9-84a1-ce7953c3e3b6</powerpagesiteid>
  </powerpagesiteid>
  <statecode>0</statecode>
  <statuscode>1</statuscode>
</powerpagecomponent>