<powerpagecomponent powerpagecomponentid="ad9ea3a8-4b58-4f40-8211-b0e4a4ae7d4b">
  <content>{"adx_webpageaccesscontrolrule_webrole":["57d88421-78cd-4abf-b7dd-2e90ff2ab51f"],"right":1,"webpageid":"ab7eaa88-49af-40a5-a811-abc49beb9d7d"}</content>
  <iscustomizable>1</iscustomizable>
  <name>Grant Change to Administrators</name>
  <powerpagecomponenttype>10</powerpagecomponenttype>
  <powerpagesiteid>
    <powerpagesiteid>f62fd491-334a-42a9-84a1-ce7953c3e3b6</powerpagesiteid>
  </powerpagesiteid>
  <statecode>0</statecode>
  <statuscode>1</statuscode>
</powerpagecomponent>