<powerpagecomponent powerpagecomponentid="d08399d7-0348-4a2c-bfff-1453ce3460e4">
  <content>{
  "description": "Enables or disables Azure AD as an external identity provider. By default, it is set to true.",
  "value": "false"
}</content>
  <iscustomizable>1</iscustomizable>
  <name>Authentication/Registration/AzureADLoginEnabled</name>
  <powerpagecomponenttype>9</powerpagecomponenttype>
  <powerpagesiteid>
    <powerpagesiteid>f62fd491-334a-42a9-84a1-ce7953c3e3b6</powerpagesiteid>
  </powerpagesiteid>
  <statecode>0</statecode>
  <statuscode>1</statuscode>
</powerpagecomponent>