<powerpagecomponent powerpagecomponentid="0e1a9914-4a41-439a-9d76-2122a3cb0dc2">
  <content>{"description":"Determines if faceted search is used for this portal.","value":"True"}</content>
  <iscustomizable>1</iscustomizable>
  <name>Search/FacetedView</name>
  <powerpagecomponenttype>9</powerpagecomponenttype>
  <powerpagesiteid>
    <powerpagesiteid>f62fd491-334a-42a9-84a1-ce7953c3e3b6</powerpagesiteid>
  </powerpagesiteid>
  <statecode>0</statecode>
  <statuscode>1</statuscode>
</powerpagecomponent>