<powerpagecomponent powerpagecomponentid="cf1e239e-a662-4a39-837d-c86dc417a2c7">
  <content>{"description":"Setting controls whether attachments will be displayed on Knowledge articles","value":"false"}</content>
  <iscustomizable>1</iscustomizable>
  <name>KnowledgeManagement/DisplayNotes</name>
  <powerpagecomponenttype>9</powerpagecomponenttype>
  <powerpagesiteid>
    <powerpagesiteid>f62fd491-334a-42a9-84a1-ce7953c3e3b6</powerpagesiteid>
  </powerpagesiteid>
  <statecode>0</statecode>
  <statuscode>1</statuscode>
</powerpagecomponent>