<powerpagecomponent powerpagecomponentid="495f1ce0-825b-48bc-a249-524fd2b000d8">
  <content>{"description":"Set whether the header web template is output cached.","value":"True"}</content>
  <iscustomizable>1</iscustomizable>
  <name>Header/OutputCache/Enabled</name>
  <powerpagecomponenttype>9</powerpagecomponenttype>
  <powerpagesiteid>
    <powerpagesiteid>f62fd491-334a-42a9-84a1-ce7953c3e3b6</powerpagesiteid>
  </powerpagesiteid>
  <statecode>0</statecode>
  <statuscode>1</statuscode>
</powerpagecomponent>