<powerpagecomponent powerpagecomponentid="5cb1d176-f051-48a5-8f03-d85a370ddf84">
  <content>{"source":"&lt;div class=\"page-header\"&gt;\r\n    &lt;h1&gt;{% editable page 'adx_title' type: 'html', liquid: true %}&lt;/h1&gt;\r\n&lt;/div&gt;"}</content>
  <iscustomizable>1</iscustomizable>
  <name>Page Header</name>
  <powerpagecomponenttype>8</powerpagecomponenttype>
  <powerpagesiteid>
    <powerpagesiteid>f62fd491-334a-42a9-84a1-ce7953c3e3b6</powerpagesiteid>
  </powerpagesiteid>
  <statecode>0</statecode>
  <statuscode>1</statuscode>
</powerpagecomponent>