<powerpagecomponent powerpagecomponentid="b26ad428-b4fe-4410-ba4a-b7b2c78395dd">
  <content>{"modifiedon":"2024-04-02T11:22:40Z","displayorder":10,"enabletracking":false,"excludefromsearch":true,"hiddenfromsitemap":false,"parentpageid":"ab7eaa88-49af-40a5-a811-abc49beb9d7d","partialurl":"portalbasictheme.css","publishingstateid":"6305fb23-50da-4547-8459-08810bf5e2ee"}</content>
  <filecontent mimetype="text/css">portalbasictheme.css</filecontent>
  <iscustomizable>1</iscustomizable>
  <name>portalbasictheme.css</name>
  <powerpagecomponenttype>3</powerpagecomponenttype>
  <powerpagesiteid>
    <powerpagesiteid>f62fd491-334a-42a9-84a1-ce7953c3e3b6</powerpagesiteid>
  </powerpagesiteid>
  <statecode>0</statecode>
  <statuscode>1</statuscode>
</powerpagecomponent>