<powerpagecomponent powerpagecomponentid="dddf2299-74a2-4af4-a2f1-ae5dad6a69a5">
  <content>{"entityname":"adx_webpage","isdefault":false,"rewriteurl":"~/Pages/Search.aspx","usewebsiteheaderandfooter":true,"webtemplateid":"559d9ff1-10b9-477b-955c-ba0547f4c639"}</content>
  <iscustomizable>1</iscustomizable>
  <name>Search</name>
  <powerpagecomponenttype>6</powerpagecomponenttype>
  <powerpagesiteid>
    <powerpagesiteid>f62fd491-334a-42a9-84a1-ce7953c3e3b6</powerpagesiteid>
  </powerpagesiteid>
  <statecode>0</statecode>
  <statuscode>1</statuscode>
</powerpagecomponent>