<powerpagecomponent powerpagecomponentid="9c9e9601-4e00-4866-9151-ea0a7c046287">
  <content>{"enabletracking":false,"excludefromsearch":false,"hiddenfromsitemap":false,"parentpageid":"ab7eaa88-49af-40a5-a811-abc49beb9d7d","partialurl":"Cat-PC.png","publishingstateid":"6305fb23-50da-4547-8459-08810bf5e2ee"}</content>
  <filecontent mimetype="application/octet-stream">Cat-PC.png</filecontent>
  <iscustomizable>1</iscustomizable>
  <name>Cat-PC.png</name>
  <powerpagecomponenttype>3</powerpagecomponenttype>
  <powerpagesiteid>
    <powerpagesiteid>f62fd491-334a-42a9-84a1-ce7953c3e3b6</powerpagesiteid>
  </powerpagesiteid>
  <statecode>0</statecode>
  <statuscode>1</statuscode>
</powerpagecomponent>