<powerpagecomponent powerpagecomponentid="099e993b-44e4-40d8-bd73-e93f5afe6233">
  <content>{"description":"Enabling this setting will show all customer activity on the portal timeline.","value":"false"}</content>
  <iscustomizable>1</iscustomizable>
  <name>CustomerSupport/DisplayAllUserActivitiesOnTimeline</name>
  <powerpagecomponenttype>9</powerpagecomponenttype>
  <powerpagesiteid>
    <powerpagesiteid>f62fd491-334a-42a9-84a1-ce7953c3e3b6</powerpagesiteid>
  </powerpagesiteid>
  <statecode>0</statecode>
  <statuscode>1</statuscode>
</powerpagecomponent>