<powerpagecomponent powerpagecomponentid="c1888f53-7e1b-488a-867a-a75d16e1a59c">
  <content>{"description":"The amount of time the Authentication/LoginThrottling/MaxInvaildAttemptsFromIPAddress are to be within before the IP address has to wait Authentication/LoginThrottling/IpAddressTimeoutTimeSpan. Default: 00:03:00 (3 mins)","value":"00:03:00"}</content>
  <iscustomizable>1</iscustomizable>
  <name>Authentication/LoginThrottling/MaxAttemptsTimeLimitTimeSpan</name>
  <powerpagecomponenttype>9</powerpagecomponenttype>
  <powerpagesiteid>
    <powerpagesiteid>f62fd491-334a-42a9-84a1-ce7953c3e3b6</powerpagesiteid>
  </powerpagesiteid>
  <statecode>0</statecode>
  <statuscode>1</statuscode>
</powerpagecomponent>