<powerpagecomponent powerpagecomponentid="98df6374-2a9e-4409-8d59-d9f209791d87">
  <content>{"enablerating":false,"enabletracking":false,"excludefromsearch":false,"hiddenfromsitemap":true,"isroot":false,"pagetemplateid":"dddf2299-74a2-4af4-a2f1-ae5dad6a69a5","parentpageid":"ab7eaa88-49af-40a5-a811-abc49beb9d7d","partialurl":"search","publishingstateid":"6305fb23-50da-4547-8459-08810bf5e2ee","rootwebpageid":"b015728c-66af-4b1e-86c6-ac3fdac44d4e","sharedpageconfiguration":false}</content>
  <iscustomizable>1</iscustomizable>
  <name>Search</name>
  <powerpagecomponenttype>2</powerpagecomponenttype>
  <powerpagesiteid>
    <powerpagesiteid>f62fd491-334a-42a9-84a1-ce7953c3e3b6</powerpagesiteid>
  </powerpagesiteid>
  <powerpagesitelanguageid>
    <powerpagesitelanguageid>b6ab0005-4b4e-4fad-86b0-85fad57079d4</powerpagesitelanguageid>
  </powerpagesitelanguageid>
  <searchcontent>Search</searchcontent>
  <statecode>0</statecode>
  <statuscode>1</statuscode>
</powerpagecomponent>