<powerpagecomponent powerpagecomponentid="68a41a3e-b671-4ef9-a954-48b969622f61">
  <content>{"display_name":"Default","publishingstateid":"6305fb23-50da-4547-8459-08810bf5e2ee"}</content>
  <iscustomizable>1</iscustomizable>
  <name>Default</name>
  <powerpagecomponenttype>4</powerpagecomponenttype>
  <powerpagesiteid>
    <powerpagesiteid>f62fd491-334a-42a9-84a1-ce7953c3e3b6</powerpagesiteid>
  </powerpagesiteid>
  <powerpagesitelanguageid>
    <powerpagesitelanguageid>b6ab0005-4b4e-4fad-86b0-85fad57079d4</powerpagesitelanguageid>
  </powerpagesitelanguageid>
  <statecode>0</statecode>
  <statuscode>1</statuscode>
</powerpagecomponent>