<powerpagecomponent powerpagecomponentid="0cf2c9b2-13fb-4fd6-962c-688cc542caaf">
  <content>{"source":"&lt;ul class=\"dropdown-menu\" role=\"menu\"&gt;\r\n  {% assign ordered_languages = page.languages | order_by: \"name\" %}\r\n  {% for language in ordered_languages %}\r\n    &lt;li role=\"menuitem\"&gt;\r\n      &lt;a class=\"dropdown-item\"  href=\"/{{ language.url_substitution }}\" title=\"{{ language.name }}\" data-code=\"{{ language.code }}\"&gt;{{ language.name }}&lt;/a&gt;\r\n    &lt;/li&gt;\r\n  {% endfor %}\r\n&lt;/ul&gt;"}</content>
  <iscustomizable>1</iscustomizable>
  <name>Languages Dropdown</name>
  <powerpagecomponenttype>8</powerpagecomponenttype>
  <powerpagesiteid>
    <powerpagesiteid>f62fd491-334a-42a9-84a1-ce7953c3e3b6</powerpagesiteid>
  </powerpagesiteid>
  <statecode>0</statecode>
  <statuscode>1</statuscode>
</powerpagecomponent>