<powerpagecomponent powerpagecomponentid="96783d1c-15b7-4096-8d20-3e92f79ab59a">
  <content>{"description":"Site setting that controls the depth of the webpage hierarchy that’s cloned in a newly-added supported language. Web link sets and content snippets are cloned in the newly-added language when webpages are cloned.","value":"3"}</content>
  <iscustomizable>1</iscustomizable>
  <name>MultiLanguage/MaximumDepthToClone</name>
  <powerpagecomponenttype>9</powerpagecomponenttype>
  <powerpagesiteid>
    <powerpagesiteid>f62fd491-334a-42a9-84a1-ce7953c3e3b6</powerpagesiteid>
  </powerpagesiteid>
  <statecode>0</statecode>
  <statuscode>1</statuscode>
</powerpagecomponent>