<powerpagecomponent powerpagecomponentid="a0bb3a31-0c88-4683-bf09-cd7264336235">
  <content>{"disablepagevalidation":false,"displayimageonly":false,"displayorder":1,"displaypagechildlinks":false,"openinnewwindow":false,"pageid":"05875c10-52dd-45fa-8fbb-7f8a692e385a","publishingstateid":"6305fb23-50da-4547-8459-08810bf5e2ee","robotsfollowlink":true,"weblinksetid":"c58f7acf-a8c6-4f1d-944c-2ba79d136fae"}</content>
  <iscustomizable>1</iscustomizable>
  <name>Profile</name>
  <powerpagecomponenttype>5</powerpagecomponenttype>
  <powerpagesiteid>
    <powerpagesiteid>f62fd491-334a-42a9-84a1-ce7953c3e3b6</powerpagesiteid>
  </powerpagesiteid>
  <statecode>0</statecode>
  <statuscode>1</statuscode>
</powerpagecomponent>