<powerpagesites>
  <powerpagesite powerpagesiteid="f62fd491-334a-42a9-84a1-ce7953c3e3b6">
    <content>{"defaultlanguage":"b6ab0005-4b4e-4fad-86b0-85fad57079d4","footerwebtemplateid":"deea02d8-a6ed-4347-b7a2-e8913202aca7","headerwebtemplateid":"e91dfbc4-f0cf-4d15-96fe-805cea382daa","website_language":1033,"defaultbotconsumerid":"162ccf65-e3f0-ee11-904b-000d3a59f66d"}</content>
    <datamodelversion>2.0</datamodelversion>
    <iscustomizable>1</iscustomizable>
    <name>Wipfli EDM - wipfliedm</name>
    <primarydomainname>wipfliedm.powerappsportals.com</primarydomainname>
    <statecode>0</statecode>
    <statuscode>1</statuscode>
  </powerpagesite>
</powerpagesites>