<powerpagesitelanguages>
  <powerpagesitelanguage powerpagesitelanguageid="b6ab0005-4b4e-4fad-86b0-85fad57079d4">
    <content>{"publishingstate":"6305fb23-50da-4547-8459-08810bf5e2ee","systemlanguage":1033}</content>
    <displayname>English</displayname>
    <iscustomizable>1</iscustomizable>
    <languagecode>en-US</languagecode>
    <lcid>1033</lcid>
    <name>English</name>
    <powerpagesiteid>
      <powerpagesiteid>f62fd491-334a-42a9-84a1-ce7953c3e3b6</powerpagesiteid>
    </powerpagesiteid>
    <statecode>0</statecode>
    <statuscode>1</statuscode>
  </powerpagesitelanguage>
</powerpagesitelanguages>