<powerpagecomponent powerpagecomponentid="f7c3d540-1a3c-4e8a-9d02-08c318b51ac8">
  <content>{"description":"Denies use of the portal to minors. By default, it is set to false.","value":"false"}</content>
  <iscustomizable>1</iscustomizable>
  <name>Authentication/Registration/DenyMinors</name>
  <powerpagecomponenttype>9</powerpagecomponenttype>
  <powerpagesiteid>
    <powerpagesiteid>f62fd491-334a-42a9-84a1-ce7953c3e3b6</powerpagesiteid>
  </powerpagesiteid>
  <statecode>0</statecode>
  <statuscode>1</statuscode>
</powerpagecomponent>