<powerpagecomponent powerpagecomponentid="c58f7acf-a8c6-4f1d-944c-2ba79d136fae">
  <content>{"display_name":"Profile Navigation"}</content>
  <iscustomizable>1</iscustomizable>
  <name>Profile Navigation</name>
  <powerpagecomponenttype>4</powerpagecomponenttype>
  <powerpagesiteid>
    <powerpagesiteid>f62fd491-334a-42a9-84a1-ce7953c3e3b6</powerpagesiteid>
  </powerpagesiteid>
  <powerpagesitelanguageid>
    <powerpagesitelanguageid>b6ab0005-4b4e-4fad-86b0-85fad57079d4</powerpagesitelanguageid>
  </powerpagesitelanguageid>
  <statecode>0</statecode>
  <statuscode>1</statuscode>
</powerpagecomponent>