<powerpagecomponent powerpagecomponentid="97d5a946-ca2e-4549-911a-fa0648dcb831">
  <content>{"source":"{% assign title = title | default: page.title %}\r\n\r\n&lt;ul class=\"breadcrumb\"&gt;\r\n  {% for crumb in page.breadcrumbs -%}\r\n    &lt;li class=\"breadcrumb-item\"&gt;\r\n      &lt;a href=\"{{ crumb.url | h }}\" title=\"{{ crumb.title | h }}\"&gt;{{ crumb.title | truncate: 24 | h }}&lt;/a&gt;\r\n    &lt;/li&gt;\r\n  {% endfor -%}\r\n    &lt;li class=\" breadcrumb-item active\"&gt;{% block activebreadcrumb %}{{ title | h }}{% endblock %}&lt;/li&gt;\r\n&lt;/ul&gt;"}</content>
  <iscustomizable>1</iscustomizable>
  <name>Breadcrumbs</name>
  <powerpagecomponenttype>8</powerpagecomponenttype>
  <powerpagesiteid>
    <powerpagesiteid>f62fd491-334a-42a9-84a1-ce7953c3e3b6</powerpagesiteid>
  </powerpagesiteid>
  <statecode>0</statecode>
  <statuscode>1</statuscode>
</powerpagecomponent>