<powerpagecomponent powerpagecomponentid="ef5aad82-6156-4326-b21b-597a4e42d608">
  <content>{"displayorder":2,"enabletracking":false,"excludefromsearch":true,"hiddenfromsitemap":false,"parentpageid":"ab7eaa88-49af-40a5-a811-abc49beb9d7d","partialurl":"theme.css","publishingstateid":"6305fb23-50da-4547-8459-08810bf5e2ee"}</content>
  <filecontent mimetype="application/octet-stream">theme.css</filecontent>
  <iscustomizable>1</iscustomizable>
  <name>theme.css</name>
  <powerpagecomponenttype>3</powerpagecomponenttype>
  <powerpagesiteid>
    <powerpagesiteid>f62fd491-334a-42a9-84a1-ce7953c3e3b6</powerpagesiteid>
  </powerpagesiteid>
  <statecode>0</statecode>
  <statuscode>1</statuscode>
</powerpagecomponent>