<powerpagecomponent powerpagecomponentid="a838dac5-384e-4716-bed0-37358e0ea5f0">
  <content>{"managecontentsnippets":false,"managesitemarkers":false,"manageweblinksets":false,"previewunpublishedentities":true}</content>
  <iscustomizable>1</iscustomizable>
  <name>Preview permission for Blank Template</name>
  <powerpagecomponenttype>12</powerpagecomponenttype>
  <powerpagesiteid>
    <powerpagesiteid>f62fd491-334a-42a9-84a1-ce7953c3e3b6</powerpagesiteid>
  </powerpagesiteid>
  <statecode>0</statecode>
  <statuscode>1</statuscode>
</powerpagecomponent>