<powerpagecomponent powerpagecomponentid="a84debc3-71bc-49ee-b021-4bc545ab0a6f">
  <content>{"display_name":"Header/Search/ToolTip","value":"Search"}</content>
  <iscustomizable>1</iscustomizable>
  <name>Header/Search/ToolTip</name>
  <powerpagecomponenttype>7</powerpagecomponenttype>
  <powerpagesiteid>
    <powerpagesiteid>f62fd491-334a-42a9-84a1-ce7953c3e3b6</powerpagesiteid>
  </powerpagesiteid>
  <powerpagesitelanguageid>
    <powerpagesitelanguageid>b6ab0005-4b4e-4fad-86b0-85fad57079d4</powerpagesitelanguageid>
  </powerpagesitelanguageid>
  <statecode>0</statecode>
  <statuscode>1</statuscode>
</powerpagecomponent>