<powerpagecomponent powerpagecomponentid="844888fe-e215-4ac1-8fde-81407320dba5">
  <content>{"display_name":"Search/Title","value":"&lt;span&gt;Search&lt;/span&gt;"}</content>
  <iscustomizable>1</iscustomizable>
  <name>Search/Title</name>
  <powerpagecomponenttype>7</powerpagecomponenttype>
  <powerpagesiteid>
    <powerpagesiteid>f62fd491-334a-42a9-84a1-ce7953c3e3b6</powerpagesiteid>
  </powerpagesiteid>
  <powerpagesitelanguageid>
    <powerpagesitelanguageid>b6ab0005-4b4e-4fad-86b0-85fad57079d4</powerpagesitelanguageid>
  </powerpagesitelanguageid>
  <statecode>0</statecode>
  <statuscode>1</statuscode>
</powerpagecomponent>