<powerpagecomponent powerpagecomponentid="2326d38b-1c07-4b7a-88a3-8637b053107e">
  <content>{"entityname":"adx_webpage","isdefault":false,"rewriteurl":"~/Pages/Profile.aspx","usewebsiteheaderandfooter":true}</content>
  <iscustomizable>1</iscustomizable>
  <name>Profile</name>
  <powerpagecomponenttype>6</powerpagecomponenttype>
  <powerpagesiteid>
    <powerpagesiteid>f62fd491-334a-42a9-84a1-ce7953c3e3b6</powerpagesiteid>
  </powerpagesiteid>
  <statecode>0</statecode>
  <statuscode>1</statuscode>
</powerpagecomponent>