<powerpagecomponent powerpagecomponentid="fd993343-71e8-4a6e-ab51-86ec11a2c7f5">
  <content>{"entityname":"adx_webpage","isdefault":false,"rewriteurl":"~/Pages/AccessDenied.aspx","usewebsiteheaderandfooter":true}</content>
  <iscustomizable>1</iscustomizable>
  <name>Access Denied</name>
  <powerpagecomponenttype>6</powerpagecomponenttype>
  <powerpagesiteid>
    <powerpagesiteid>f62fd491-334a-42a9-84a1-ce7953c3e3b6</powerpagesiteid>
  </powerpagesiteid>
  <statecode>0</statecode>
  <statuscode>1</statuscode>
</powerpagecomponent>