<powerpagecomponent powerpagecomponentid="ca208ee4-d2d7-43c8-815c-35ecbc837d2e">
  <content>{"source":"&lt;div class=\"page-copy\"&gt;\r {% editable page 'adx_copy' type: 'html', liquid: true %}\r&lt;/div&gt;"}</content>
  <iscustomizable>1</iscustomizable>
  <name>Page Copy</name>
  <powerpagecomponenttype>8</powerpagecomponenttype>
  <powerpagesiteid>
    <powerpagesiteid>f62fd491-334a-42a9-84a1-ce7953c3e3b6</powerpagesiteid>
  </powerpagesiteid>
  <statecode>0</statecode>
  <statuscode>1</statuscode>
</powerpagecomponent>