<powerpagecomponent powerpagecomponentid="64017b8c-d92f-4263-951a-080c53aee78f">
  <content>{"adx_websiteaccess_webrole":["57d88421-78cd-4abf-b7dd-2e90ff2ab51f"],"managecontentsnippets":true,"managesitemarkers":true,"manageweblinksets":true,"previewunpublishedentities":true}</content>
  <iscustomizable>1</iscustomizable>
  <name>Administrative permissions for Blank Template</name>
  <powerpagecomponenttype>12</powerpagecomponenttype>
  <powerpagesiteid>
    <powerpagesiteid>f62fd491-334a-42a9-84a1-ce7953c3e3b6</powerpagesiteid>
  </powerpagesiteid>
  <statecode>0</statecode>
  <statuscode>1</statuscode>
</powerpagecomponent>