<powerpagecomponent powerpagecomponentid="3490d571-363c-41c5-833e-2ca0b18bc61d">
  <content>{"description":"A collection of search logical name filter options. Defining a value here will add dropdown filter options to site-wide search.\n\nThis value should be in the form of name/value pairs, with name and value separated by a colon, and pairs separated by a semicolon. For example: \"Forums:adx_communityforum,adx_communityforumthread,adx_communityforumpost;Blogs:adx_blog,adx_blogpost,adx_blogpostcomment\"."}</content>
  <iscustomizable>1</iscustomizable>
  <name>search/filters</name>
  <powerpagecomponenttype>9</powerpagecomponenttype>
  <powerpagesiteid>
    <powerpagesiteid>f62fd491-334a-42a9-84a1-ce7953c3e3b6</powerpagesiteid>
  </powerpagesiteid>
  <statecode>0</statecode>
  <statuscode>1</statuscode>
</powerpagecomponent>