<powerpagecomponent powerpagecomponentid="7b31f250-4052-4535-96a5-da007696c1ef">
  <content>{
  "filecontent": null,
  "value": "true"
}</content>
  <iscustomizable>1</iscustomizable>
  <name>Authentication/Registration/ExternalLoginEnabled</name>
  <powerpagecomponenttype>9</powerpagecomponenttype>
  <powerpagesiteid>
    <powerpagesiteid>f62fd491-334a-42a9-84a1-ce7953c3e3b6</powerpagesiteid>
  </powerpagesiteid>
  <statecode>0</statecode>
  <statuscode>1</statuscode>
</powerpagecomponent>