<powerpagecomponent powerpagecomponentid="7aac8096-2a1b-4a20-b897-5cf8a06c21c3">
  <content>{"description":"Blank Template","entityname":"adx_webpage","isdefault":false,"type":756150001,"usewebsiteheaderandfooter":true,"webtemplateid":"fb4cfd39-4d15-40e8-9e4d-f1d1be2332fc"}</content>
  <iscustomizable>1</iscustomizable>
  <name>Default studio template</name>
  <powerpagecomponenttype>6</powerpagecomponenttype>
  <powerpagesiteid>
    <powerpagesiteid>f62fd491-334a-42a9-84a1-ce7953c3e3b6</powerpagesiteid>
  </powerpagesiteid>
  <statecode>0</statecode>
  <statuscode>1</statuscode>
</powerpagecomponent>