<powerpagecomponent powerpagecomponentid="523c6c72-bf50-4671-9d66-acdf3aa75532">
  <content>{"display_name":"Header/Toggle Navigation","type":756150001,"value":"Toggle navigation"}</content>
  <iscustomizable>1</iscustomizable>
  <name>Header/Toggle Navigation</name>
  <powerpagecomponenttype>7</powerpagecomponenttype>
  <powerpagesiteid>
    <powerpagesiteid>f62fd491-334a-42a9-84a1-ce7953c3e3b6</powerpagesiteid>
  </powerpagesiteid>
  <powerpagesitelanguageid>
    <powerpagesitelanguageid>b6ab0005-4b4e-4fad-86b0-85fad57079d4</powerpagesitelanguageid>
  </powerpagesitelanguageid>
  <statecode>0</statecode>
  <statuscode>1</statuscode>
</powerpagecomponent>