<powerpagecomponent powerpagecomponentid="0a7ca62e-d2a6-4f77-aaec-16e2dc7b51cb">
  <content>{"status":"enable","selectedThemeId":"f21551a1-7244-432f-ad88-220609e070d3","siteSettingId":"0a7ca62e-d2a6-4f77-aaec-16e2dc7b51cb","version":"V2"}</content>
  <iscustomizable>1</iscustomizable>
  <name>ThemeFeature</name>
  <powerpagecomponenttype>9</powerpagecomponenttype>
  <powerpagesiteid>
    <powerpagesiteid>f62fd491-334a-42a9-84a1-ce7953c3e3b6</powerpagesiteid>
  </powerpagesiteid>
  <statecode>0</statecode>
  <statuscode>1</statuscode>
</powerpagecomponent>