<powerpagecomponent powerpagecomponentid="6c799352-01fe-4880-be97-16fecc4153bf">
  <content>{"copy":"&lt;div class=\"row sectionBlockLayout\" style=\"display: flex; flex-wrap: wrap; min-height: 50px; background: var(--portalThemeColor2);\"&gt;&lt;/div&gt;\r\n&lt;div class=\"row sectionBlockLayout\" style=\"display: flex; flex-wrap: wrap; min-height: 50px; background: var(--portalThemeColor6);\"&gt;&lt;/div&gt;\r\n&lt;div class=\"row sectionBlockLayout\" style=\"display: flex; flex-wrap: wrap; text-align: left; min-height: 374px;\"&gt;\r\n  &lt;div class=\"container\" style=\"padding: 0px; display: flex; flex-wrap: wrap;\"&gt;\r\n    &lt;div class=\"col-lg-12 columnBlockLayout\" style=\"flex-grow: 1; display: flex; flex-direction: column; min-width: 300px; padding: 16px;\"&gt;&lt;img src=\"/Cat-PC.png\" alt=\"\" name=\"Cat-PC.png\" style=\"width: 200px; height: 161px; margin-left: auto; margin-right: auto;\"&gt;\r\n      &lt;h2 style=\"text-align: center; color: var(--portalThemeColor9);\"&gt;You don’t have access to this&lt;/h2&gt;\r\n      &lt;p style=\"text-align: center; color: var(--portalThemeColor8);\"&gt;Check your credentials or ask your admin to request access&lt;/p&gt;\r\n    &lt;/div&gt;\r\n  &lt;/div&gt;\r\n&lt;/div&gt;\r\n&lt;div class=\"row sectionBlockLayout\" style=\"display: flex; flex-wrap: wrap; min-height: 315px; background: var(--portalThemeColor1);\"&gt;&lt;/div&gt;","enablerating":false,"enabletracking":false,"excludefromsearch":true,"hiddenfromsitemap":true,"isroot":false,"pagetemplateid":"7aac8096-2a1b-4a20-b897-5cf8a06c21c3","parentpageid":"ab7eaa88-49af-40a5-a811-abc49beb9d7d","partialurl":"access-denied","publishingstateid":"6305fb23-50da-4547-8459-08810bf5e2ee","rootwebpageid":"de1a4425-e993-49a1-85b8-4b302a44a0d2","sharedpageconfiguration":false}</content>
  <iscustomizable>1</iscustomizable>
  <name>Access Denied</name>
  <powerpagecomponenttype>2</powerpagecomponenttype>
  <powerpagesiteid>
    <powerpagesiteid>f62fd491-334a-42a9-84a1-ce7953c3e3b6</powerpagesiteid>
  </powerpagesiteid>
  <powerpagesitelanguageid>
    <powerpagesitelanguageid>b6ab0005-4b4e-4fad-86b0-85fad57079d4</powerpagesitelanguageid>
  </powerpagesitelanguageid>
  <searchcontent>&lt;div class="row sectionBlockLayout" style="display: flex; flex-wrap: wrap; min-height: 50px; background: var(--portalThemeColor2);"&gt;&lt;/div&gt;
&lt;div class="row sectionBlockLayout" style="display: flex; flex-wrap: wrap; min-height: 50px; background: var(--portalThemeColor6);"&gt;&lt;/div&gt;
&lt;div class="row sectionBlockLayout" style="display: flex; flex-wrap: wrap; text-align: left; min-height: 374px;"&gt;
  &lt;div class="container" style="padding: 0px; display: flex; flex-wrap: wrap;"&gt;
    &lt;div class="col-lg-12 columnBlockLayout" style="flex-grow: 1; display: flex; flex-direction: column; min-width: 300px; padding: 16px;"&gt;&lt;img src="/Cat-PC.png" alt="" name="Cat-PC.png" style="width: 200px; height: 161px; margin-left: auto; margin-right: auto;"&gt;
      &lt;h2 style="text-align: center; color: var(--portalThemeColor9);"&gt;You don’t have access to this&lt;/h2&gt;
      &lt;p style="text-align: center; color: var(--portalThemeColor8);"&gt;Check your credentials or ask your admin to request access&lt;/p&gt;
    &lt;/div&gt;
  &lt;/div&gt;
&lt;/div&gt;
&lt;div class="row sectionBlockLayout" style="display: flex; flex-wrap: wrap; min-height: 315px; background: var(--portalThemeColor1);"&gt;&lt;/div&gt;Access Denied</searchcontent>
  <statecode>0</statecode>
  <statuscode>1</statuscode>
</powerpagecomponent>