<powerpagecomponent powerpagecomponentid="9963e76d-51e0-4a73-92c9-8a94de1b1c49">
  <content>{"description":"The default number of unauthenticated login attempts from an IP address before the IP address is blocked for Authentication/LoginThrottling/IpAddressTimeoutTimeSpan if the attempts occur within Authentication/LoginThrottling/MaxAttemptsTimeLimitTimeSpan amount of time. Default: 1000","value":"1000"}</content>
  <iscustomizable>1</iscustomizable>
  <name>Authentication/LoginThrottling/MaxInvaildAttemptsFromIPAddress</name>
  <powerpagecomponenttype>9</powerpagecomponenttype>
  <powerpagesiteid>
    <powerpagesiteid>f62fd491-334a-42a9-84a1-ce7953c3e3b6</powerpagesiteid>
  </powerpagesiteid>
  <statecode>0</statecode>
  <statuscode>1</statuscode>
</powerpagecomponent>